"compound_name","consensus_MS2"
"(3-Carboxypropyl)trimethylammonium","20V 146.11767, 100; 87.04469, 47.4; 60.08157, 26.5: 35V 146.1177, 100; 87.0447, 51.2; 60.08158, 27.5: 50V 146.11769, 37.8; 87.04468, 100; 60.08158, 41.6: 100V 87.04469, 100; 60.08158, 90.2; 58.06595, 35.2; 59.07376, 7.8"
"2,3-Pyridinedicarboxylic acid","20V 168.06919, 1.6: 35V 112.03975, 1.3; 168.06932, 1.7: 50V 108.99589, 1.9; 86.07191, 1.8; 119.06927, 1.4: 100V 126.0223, 6.1; 87.0797, 3.3; 108.99583, 3.1; 86.07195, 2.6; 58.0659, 1.8; 50.01591, 1.9"
"2-Heptyl-3-hydroxy-quinolone","20V : 35V : 50V 188.07073, 1.7: 100V 119.07335, 2.7; 174.05532, 2.5; 91.05474, 2.1; 115.05459, 2.2; 129.05762, 1.7; 92.06256, 1.5; 105.03388, 1.7; 78.04701, 1.6; 132.08101, 1.7; 117.05759, 1.4; 103.05462, 1.5; 128.04973, 1.5"
"4-Aminobutyric acid","20V 87.04468, 100; 69.03423, 18.3; 68.05023, 1.9: 35V 87.04468, 100; 69.03424, 18.6; 57.03434, 19; 68.05025, 1.8: 50V 68.05026, 2: 100V 87.0446, 11.3; 69.03418, 25.3"
"5-Hydroxyectoine","20V 83.06105, 1.4; 117.06631, 1.9; 159.12113, 2.5: 35V 159.12116, 2.8; 99.05591, 1.1: 50V 58.066, 2.4; 59.06928, 1.3; 159.12115, 1.6; 82.02942, 1.2; 96.05305, 1.1: 100V 59.06931, 2.2; 72.04297, 1.9; 71.06116, 1.1"
"5-Methylcytosine","20V : 35V : 50V : 100V 66.0347, 1.5; 67.04248, 1.5; 69.00917, 1.5"
"Acetylcholine","20V : 35V : 50V : 100V "
"Adenine","20V 119.03555, 1.2: 35V 119.03559, 1.3; 136.02185, 1.6: 50V : 100V 109.01119, 1.8; 112.05104, 1.8; 136.0219, 1.7"
"Adenosine","20V 136.06203, 100; 268.10432, 71: 35V 136.06202, 100; 268.10443, 2.9: 50V 136.06202, 100; 57.03435, 1.2; 85.02912, 1.1: 100V 136.06205, 100; 119.03567, 73.4; 137.04606, 29.7; 94.04062, 13.8; 92.025, 10.2; 109.05138, 5.7; 67.0299, 4.6; 57.03436, 3.5; 71.01352, 4.5; 55.0187, 3; 69.03431, 2.2; 82.0407, 1.5; 85.02911, 1.2"
"Anserine","20V 109.07656, 1.8; 170.0927, 4.5; 224.10313, 2.3; 197.14005, 2.6: 35V 96.06883, 5.1; 95.06094, 4.4; 97.07658, 3.6; 83.06099, 1.2; 212.10333, 8; 179.12945, 6.4; 194.09296, 4.8; 59.06122, 1.7; 72.04513, 1.8; 223.11937, 1.2: 50V 241.12985, 4.4; 68.05023, 2.9; 97.07663, 8; 224.10326, 3.7; 197.14022, 1.8; 168.11343, 4.6; 83.06106, 2.1; 180.11338, 4.7; 124.08729, 5.6; 150.10288, 5; 135.05563, 2.2; 179.12949, 1.4; 111.05574, 1.6; 194.09296, 1.3; 59.06122, 2.1; 72.04515, 1.5; 125.07139, 1.5; 112.03982, 1.5: 100V 126.10288, 2.9; 153.06605, 2.9; 82.06588, 9.9; 124.08737, 2.6; 80.05019, 5.6; 135.05546, 5.1; 54.03467, 5.6; 111.05575, 3.1; 66.03465, 4.3; 55.04246, 2.4; 65.03936, 1.7; 125.07122, 1.8"
"Arsenobetaine","20V : 35V 160.99446, 2; 136.99447, 1.9: 50V 102.95294, 1.5; 118.98409, 2.8; 135.01523, 2.2; 116.96837, 1.4: 100V 160.99464, 1.2; 136.99456, 1.8; 90.95303, 2.5; 115.94808, 1.4; 121.97116, 1.3; 145.99489, 1.6"
"beta-Alanine","20V : 35V 72.04519, 8.4: 50V 72.04516, 5.9: 100V "
"beta-Alaninebetaine","20V 59.0738, 1.1: 35V : 50V : 100V "
"beta-Glutamic acid","20V 70.02955, 1.6; 148.0969, 3.6: 35V 102.05547, 40.9: 50V 130.05022, 5.9; 56.05034, 2.5; 102.05546, 17.3: 100V 84.04505, 100; 56.05028, 49.5; 120.08096, 6.4"
"Betonicine","20V 160.09703, 100: 35V 160.09704, 100; 88.07635, 1.4: 50V 160.09703, 100; 58.06596, 1.6; 88.07637, 13; 102.05552, 1.5: 100V 160.09708, 15.7; 58.06597, 100; 88.07636, 63.7; 70.06591, 11.6; 102.05553, 8.9; 82.06586, 8.4; 100.07628, 6.8; 73.05297, 3.6; 56.0503, 3.2; 86.06073, 2.9; 55.04249, 2.1; 74.0608, 1.4; 55.01871, 1.6; 71.07369, 1.6; 73.02916, 1.4; 69.03422, 1.6"
"Butyrylcarnitine","20V 232.15446, 100; 85.02905, 20.4; 173.08105, 18.6; 60.08157, 4.7: 35V 232.15452, 20.9; 85.02905, 100; 173.08105, 16.3; 60.08158, 9.4; 144.10203, 2.6; 71.04989, 1.5: 50V 85.02906, 100; 173.08119, 1.2; 60.08159, 5.3; 144.10216, 2.1: 100V 85.02905, 100; 57.03431, 10.9; 60.08158, 6.7; 84.08147, 5.8; 58.06594, 3.6"
"Carnitine","20V 138.99288, 1.4: 35V 138.99292, 1.2: 50V : 100V 121.96658, 2.2; 97.96673, 1.2"
"Carnosine","20V 227.11414, 100; 110.0718, 43.3; 210.08768, 92.8; 156.07706, 52.9; 164.08211, 4.9; 181.10868, 18.2; 180.07703, 17.2; 122.07169, 1.6; 209.10373, 13.2; 152.08206, 3.1; 138.06648, 6.1; 192.07711, 5.1; 198.0877, 5.3; 128.95386, 1.2: 35V 227.11414, 6.7; 110.0718, 100; 210.08768, 39.1; 156.07706, 86.4; 95.06102, 4.7; 164.08218, 25; 181.10867, 23.5; 180.07703, 8.1; 122.07169, 16.4; 209.10365, 2.8; 152.0821, 11.1; 138.06643, 1.7; 192.07701, 5.6; 198.08759, 3: 50V 110.07179, 100; 210.08765, 2.2; 156.07706, 25.8; 83.06112, 2.5; 93.0454, 1.6; 95.06101, 8; 164.08216, 10.9; 181.10865, 2.4; 122.07167, 15.7; 152.08216, 3.2; 146.07153, 1.9: 100V 110.0718, 100; 83.0611, 83; 93.04539, 55.8; 95.06102, 29.4; 56.05033, 15.6; 122.07167, 3.2; 68.05028, 13.3; 82.05329, 11.9; 81.04547, 10.5; 55.01871, 2; 111.05579, 1.8"
"Chitobiose","20V 222.09752, 3.2; 407.16702, 1.7: 35V 98.06058, 2.3: 50V 96.04501, 6.5; 98.06067, 5.5; 61.02928, 3.4; 109.02896, 2.8: 100V 69.03432, 9.3; 68.05031, 6.9; 98.06062, 4.5; 80.0502, 4.4; 53.03946, 5.7; 97.02905, 4.4"
"Choline","20V : 35V : 50V 58.06595, 1.2: 100V "
"Citrulline","20V 114.05537, 3.3; 141.06602, 1.4; 133.09739, 1.3: 35V 97.07653, 1.4; 142.05, 1.3: 50V 141.066, 1.3; 84.04502, 1.3; 96.04493, 1.4; 142.05028, 1.2: 100V 86.06068, 1.5"
"Creatine","20V 68.05024, 8.8; 132.06574, 30.2; 87.0559, 2.8; 114.06661, 2.5; 114.05536, 1.4: 35V 68.05023, 14.1; 114.05541, 1.9: 50V 68.05024, 17.3; 132.06572, 13.8; 87.05594, 4.7; 114.06663, 2.2; 115.05057, 1.3: 100V 58.06594, 18.1; 87.05588, 2.1; 87.07972, 2.7; 72.05633, 2.3; 53.00302, 1.6"
"Cys-Gly, oxidized","20V 355.0742, 100; 177.03301, 32.4; 131.04531, 3.5; 130.05011, 11.3; 235.02078, 16.3; 211.02074, 18.6; 209.00518, 18.2; 179.04866, 5.7; 145.06099, 2.6; 298.05259, 2.6; 143.04526, 1.2; 337.06368, 1.6: 35V 355.0744, 1.6; 177.03299, 100; 131.04534, 36.1; 85.04027, 4.4; 130.05012, 24.8; 76.02225, 3.1; 113.03494, 3.6; 131.99381, 4; 92.01705, 6.2; 235.02074, 30.6; 162.0221, 7; 74.00659, 1.2; 211.02082, 4.8; 209.00519, 5; 112.03972, 3.4; 76.04001, 2.8; 179.04867, 12.8; 107.99409, 5.3; 84.04503, 1.1; 99.05582, 2.4; 160.00658, 1.9; 189.01523, 1.3; 145.06094, 3.2; 298.05268, 1.3; 143.04526, 2; 217.0103, 1.3: 50V 177.03303, 74.3; 131.04535, 100; 85.04031, 71.9; 130.05013, 52.5; 58.99584, 2.9; 76.02227, 27.3; 113.03498, 32.4; 131.99388, 28.2; 92.01708, 30.2; 235.02075, 14.1; 162.02211, 23.1; 55.01866, 5.4; 74.00662, 11.3; 112.03976, 13.7; 76.04001, 10.2; 179.04869, 8.9; 107.99412, 9.1; 116.01689, 10.3; 84.04506, 8.3; 144.01153, 8.2; 100.0221, 5.2; 99.05583, 6.9; 86.00658, 2; 160.00643, 5.8; 202.04101, 6.7; 189.01517, 4.9; 83.06102, 2; 129.06616, 3.6; 59.06121, 3.2; 155.04535, 1.7; 105.97842, 2.2: 100V 85.0403, 100; 58.99581, 47.3; 76.02226, 40.2; 131.99384, 1.8; 92.01694, 1.8; 55.01867, 21.8; 74.00663, 19.9; 76.03998, 3.4; 116.01681, 3.7; 84.045, 3.8; 100.02209, 7.7; 86.00655, 6; 58.02957, 5.9; 99.01425, 5.5; 86.99051, 4.6; 83.06105, 4.8; 57.98796, 2.4; 88.02212, 2.6; 67.04241, 2.7; 56.05025, 1.8"
"Cytidine","20V 143.08175, 11.2; 244.09256, 1.7: 35V 143.0819, 11.8; 226.06892, 1.9: 50V 95.02459, 1.9; 59.06123, 2.1; 84.04509, 2.3: 100V 84.0451, 6.5; 56.05036, 5.9; 94.0658, 6.3; 52.01905, 3.1"
"Cytosine","20V 95.02462, 7; 69.04552, 2.5: 35V 95.02463, 7.4; 69.04553, 2.6: 50V 95.02462, 11.6; 69.04552, 4; 94.04063, 1.4: 100V 69.04552, 19.7; 94.04061, 15.5; 68.01389, 14.4; 67.02988, 14; 52.01905, 6.1; 71.02478, 1.8"
"Deoxyadenosine","20V 234.09733, 60.7; 126.0552, 11.3; 216.08679, 35.2; 144.06568, 26.1; 84.04506, 12.7; 98.06054, 2.6; 62.98248, 4.4; 252.14382, 5; 217.70695, 2.6; 252.02527, 2.5; 252.0481, 1.7: 35V 234.09751, 16.2; 126.05524, 70.7; 68.05015, 3.6; 72.04515, 16.4; 216.08694, 41.9; 252.10851, 2.6; 144.06572, 46.3; 70.06591, 2.3; 84.04508, 38; 98.06064, 16.6; 80.05008, 3.4; 96.0449, 13.7; 97.02887, 6.2; 81.03411, 2.4; 104.10734, 6.4; 62.98248, 10.4; 114.05524, 5.6; 186.07682, 3.4; 241.98784, 3.3; 127.03918, 3: 50V 126.05523, 68; 68.05021, 20.7; 72.04511, 52; 56.05026, 10.3; 144.06567, 19.4; 70.06586, 15.6; 84.04507, 57.9; 98.06056, 42.7; 80.05007, 9.5; 96.04493, 23.1; 97.0289, 16.2; 81.03416, 4.4; 104.10734, 11.8; 62.98255, 12.5; 114.05533, 11.7; 86.06069, 6.9; 85.029, 6.3; 108.04488, 4.8: 100V 68.0502, 81.7; 72.04518, 47.6; 56.05025, 50.8; 70.06589, 56.4; 84.04506, 38; 196.96685, 9.4; 55.02994, 1.8"
"Dimethylglycine","20V 86.06072, 81.9; 104.10757, 53.6; 57.03434, 21.4: 35V 104.10762, 50.1; 57.03433, 24.4: 50V 86.06073, 74.7; 104.10745, 48.2; 57.03434, 27.7: 100V "
"Dimethylsulfonioacetate","20V 62.0193, 16.9; 61.01148, 20.6; 63.02712, 2.7; 75.02708, 2.6; 103.02176, 1.1: 35V 121.03216, 100; 62.0193, 16.4; 61.01148, 20.6; 63.02713, 2.9; 75.02705, 2.8: 50V 63.02713, 6.5; 75.02706, 3.9; 103.02176, 2: 100V 121.03214, 4.5; 62.0193, 100; 61.01148, 36.3; 63.02712, 11.6; 87.99845, 2.9; 59.9673, 1.3"
"Dimethylsulfoniopropionate","20V 135.04767, 100; 73.02917, 72.4; 63.02712, 60.1; 55.01871, 1.9: 35V 135.04767, 100; 73.02917, 70.6; 63.02712, 60.9; 61.01148, 1.2; 55.01872, 2.1: 50V 135.04769, 36.9; 73.02918, 100; 63.02712, 74.2; 61.01149, 2; 55.01872, 4: 100V 73.02918, 42; 63.02712, 100; 61.01149, 26.5; 55.0187, 9.4"
"Ectoine","20V 143.08175, 100; 97.07664, 37.6; 68.05027, 1.5; 101.07152, 5.3: 35V 143.08175, 100; 97.07663, 38.4; 68.05028, 1.6; 101.07152, 5.2: 50V 143.08176, 66.4; 97.07664, 100; 68.05028, 11.6; 56.05033, 3.1; 101.07152, 8.8; 73.07679, 2.1: 100V 97.07664, 40.1; 68.05028, 100; 56.05033, 15.9; 83.06109, 2; 98.08449, 1.5"
"Ergothioneine","20V : 35V 69.05805, 1.3; 100.02207, 1.8; 86.00651, 1.4; 143.02768, 1.1; 171.02257, 1.6: 50V 67.0424, 1.4: 100V 95.06094, 5.7; 143.02767, 4.1"
"Glucosamine","20V 56.05028, 1.1; 69.0342, 1.7; 68.05021, 1.9; 80.05009, 1.6; 81.03418, 1.3; 108.04477, 1.7; 103.03939, 1.3; 102.05544, 2; 145.04967, 2.2; 90.05536, 1.1; 116.07094, 1.3; 180.11297, 1.5: 35V 56.05032, 2; 61.02922, 3.1; 81.03419, 2.6; 73.0292, 1.9; 86.06072, 2.1; 102.05551, 3.1; 109.02883, 1.9; 99.0446, 1.5; 145.04977, 1.5; 90.05565, 2.1; 116.07112, 1.7; 115.03929, 1.6; 116.00239, 1.4: 50V 57.03428, 4.2; 55.01862, 2; 81.03416, 5.9; 58.0295, 2.8; 70.02944, 2.1; 73.02906, 4.6; 127.03913, 3.4; 108.04484, 4.4; 103.03948, 4.2; 86.06064, 3.5; 102.05546, 2.1; 109.0288, 2.9; 99.04458, 1.8; 90.0556, 2; 134.01265, 1.7: 100V 85.02899, 13.1; 53.03935, 24.7; 96.04489, 14.9; 57.03425, 15.8; 55.01862, 13.6; 81.03407, 12.3"
"Glutathione","20V 179.04866, 100; 76.02226, 16.4; 162.02209, 30.6; 308.09119, 38.4; 233.05917, 29.7; 130.05004, 5.4; 245.05928, 4.4; 291.06463, 4.1: 35V 179.04864, 25.5; 76.02227, 100; 58.99581, 5.1; 84.04506, 24.2; 162.02212, 63.3; 233.05949, 11.5; 116.01687, 16.4; 144.01159, 20.1; 130.0501, 22.2; 142.0324, 7.6; 170.02736, 6.4; 245.05946, 4; 215.04885, 4.8; 187.05405, 3.6: 50V 76.02226, 100; 58.99578, 13.6; 84.04505, 51.1; 162.02206, 13.2; 116.01684, 31.4; 144.01156, 10.6; 130.05006, 11.1; 142.03217, 13.2; 86.99048, 4; 76.03995, 3.4: 100V 76.02228, 53.5; 58.9958, 100; 84.04506, 62.2; 56.0503, 17.5; 80.05014, 7.2"
"Glutathione disulfide","20V 130.05022, 1.5; 257.077, 1.4; 256.09295, 1.5; 550.12702, 1.3; 274.10322, 1.3: 35V 84.04516, 2.1; 76.04, 2.8; 112.03978, 2.1; 233.05979, 2.4; 247.02097, 2.2; 243.04368, 2.1; 298.05311, 2.5: 50V 83.06091, 3.3; 100.0221, 3.1; 288.06562, 3.3; 265.03146, 3.7; 129.06621, 4.3; 189.01568, 3.6; 160.00662, 4.3; 140.01652, 3.6: 100V 185.0386, 9.9; 112.02206, 11.8; 98.00655, 8.8; 116.0169, 9.8; 81.04546, 10.3; 96.04494, 7.1; 86.99057, 7.7; 54.03467, 7"
"Glycerophosphocholine","20V 184.07365, 1.7: 35V 86.09706, 5.6; 60.08159, 2: 50V 98.98478, 1.8; 71.07366, 1.6: 100V 59.07374, 2.5; 70.06591, 1.6"
"Glycine betaine","20V 118.06557, 15.5; 95.04976, 3.1; 53.03943, 1.7; 105.04532, 1.7; 118.12303, 3.3; 72.08153, 1.6: 35V 118.06557, 16.1; 95.04977, 3.3; 53.03942, 1.7; 105.04528, 1.3; 118.12302, 3.3; 72.08154, 1.4; 100.11268, 1.1: 50V : 100V "
"Gonyol","20V 57.03435, 6.7; 63.02715, 2.1; 99.04467, 8.8; 75.04483, 3.2; 71.04993, 2.1; 89.02401, 2.2; 87.04475, 1.7; 179.03543, 1.1: 35V 63.02714, 3.2; 71.01353, 2.8; 75.04486, 7.6; 71.04994, 5.1; 89.02402, 5.1; 87.04478, 3.1: 50V 53.03947, 2.4; 61.02926, 2.6; 81.03423, 1.7: 100V 75.04486, 5.2; 138.99304, 2; 55.01868, 4.1; 136.02179, 1.9; 90.91664, 3.3; 97.96672, 2.1; 121.96654, 2.9; 100.93739, 1.7"
"Guanine","20V 153.04093, 3.7; 135.03041, 1.1: 35V 110.03538, 1.2; 128.04582, 1.1; 135.03048, 1.6: 50V 109.05144, 2.5; 134.04646, 1.4: 100V 154.02504, 2.6; 68.01386, 2.5; 98.03546, 2; 92.02497, 1.4"
"Guanosine","20V 284.0996, 1.9: 35V : 50V 135.0304, 3; 110.03541, 1.1: 100V 93.00892, 3.5; 154.02495, 2.2; 55.01873, 1.6"
"Homarine","20V : 35V : 50V : 100V 50.01599, 1.6"
"Homocysteine thiolactone","20V 118.08662, 100; 58.06594, 5.4; 90.03781, 83.1; 56.0503, 19.9; 59.07376, 6.3; 118.06549, 27.2; 95.04975, 3.9; 100.0221, 7.4; 53.0394, 3.5; 118.0325, 11.3; 118.12299, 5.9; 73.01136, 3.4; 105.04527, 1.4; 72.08155, 2.6; 101.00612, 2; 100.11259, 2.4: 35V 118.0866, 100; 58.06595, 6.9; 90.03781, 69.5; 56.05029, 15.9; 59.07376, 6.3; 118.06549, 28.7; 95.04968, 4.1; 100.02212, 6.3; 53.03938, 3.4; 118.03251, 10.3; 118.12299, 7.4; 73.01136, 3.6; 105.04522, 1.6; 72.08148, 2.5; 101.00607, 1.9; 100.11261, 1.8: 50V 118.0866, 100; 58.06593, 12.7; 90.0378, 62.5; 56.05029, 22.1; 59.07375, 13; 118.06548, 22.7; 95.04972, 6.7; 100.02209, 7.6; 53.03939, 5.8; 118.03244, 6.4; 118.12301, 6.5; 73.01139, 4.2; 105.04519, 2.7; 72.0815, 3.4; 101.0061, 2.5; 100.11255, 2.6: 100V 118.08659, 8.6; 58.06593, 100; 90.03782, 10.2; 56.05029, 36.6; 59.07374, 30.7; 118.06553, 1.8; 95.04971, 13.8; 100.02206, 11.8; 53.0394, 13.4; 77.03925, 8.4; 73.01136, 7.1; 51.02377, 6; 105.04523, 6; 71.99101, 4; 72.08152, 2.2; 101.00601, 2.6; 59.96718, 1.7; 54.03466, 1.9"
"Hordenine","20V 121.06515, 100; 166.12288, 62.9: 35V 121.06516, 100; 166.1229, 30.2; 93.07055, 1.2: 50V 121.06516, 100; 103.05476, 2.7; 91.0549, 2.2; 166.12292, 2.9; 93.07052, 6.9: 100V 121.06519, 38.6; 103.05479, 100; 91.05489, 87.4; 95.04977, 54.4; 93.07052, 40.2; 53.03944, 31.2; 77.03933, 26.9; 105.04527, 23.1; 81.03421, 4.8; 51.0238, 4.2; 102.047, 3.9; 65.03942, 3.6; 55.0187, 3; 118.0656, 1.6; 94.04196, 1.4; 58.06599, 1.5; 50.016, 1.2"
"Hydroxyisoleucine","20V : 35V 95.0498, 6.2: 50V 148.09717, 6.6; 130.08665, 5.4; 113.06016, 7.8: 100V 84.08149, 30.6; 57.07074, 31.9"
"Hydroxyproline","20V 90.05554, 6.1; 87.05586, 8.4; 114.05526, 2.4: 35V 90.05552, 53.2; 87.05585, 8.8: 50V 90.05554, 4.3; 87.05582, 5.2: 100V 74.02438, 11; 87.06404, 7.4; 69.0536, 16.1"
"Hypotaurine","20V 93.04538, 3.3: 35V 93.0453, 4: 50V 110.07986, 4: 100V 56.05047, 24.3"
"Hypoxanthine","20V 137.046, 100; 110.03539, 1.3; 119.03567, 1.1: 35V 137.04601, 100; 110.03542, 1.4; 119.03559, 1: 50V 137.04599, 100; 110.03538, 6.8; 119.03564, 5.8; 94.04061, 4.2: 100V 137.04602, 58.3; 110.03538, 100; 119.03563, 95.3; 55.02993, 53.4; 82.04069, 48.9; 94.04061, 45.4; 92.02497, 23.7; 67.02988, 21.9; 138.03003, 6.7; 83.02468, 5.1; 65.01424, 4.3; 112.05104, 2.8; 93.00904, 3.1; 120.01961, 2.4; 77.01418, 1.6; 128.04577, 1.5"
"L-Alanine","20V 72.0815, 100; 90.09194, 75.8; 70.06585, 5.6; 90.05554, 5.2: 35V 72.08152, 100; 90.09195, 79.6; 70.06585, 5.5; 90.05554, 5.9: 50V 72.08151, 100; 90.09195, 72.3; 70.06587, 5.1; 90.05557, 5.9: 100V 72.08151, 100; 90.09197, 7.8; 70.06584, 24.4; 56.05027, 5.9; 57.05814, 6.7"
"L-Arginine","20V 175.11914, 100; 70.06588, 14.3; 116.07099, 25.8; 60.05644, 22.6; 158.0926, 12.6; 130.09776, 9.5; 112.08741, 2.2; 72.08148, 1.3; 157.10861, 2.9: 35V 175.11916, 100; 70.06589, 59.5; 116.07101, 62.5; 60.05644, 53.9; 158.09262, 23.1; 130.09777, 22.7; 112.08735, 7.1; 72.08153, 4.9; 157.10864, 4.7; 114.10291, 1.7; 115.08693, 1.9: 50V 175.11913, 6.8; 70.06589, 100; 116.071, 29.3; 60.05644, 31.9; 158.09263, 5.5; 130.09777, 14.1; 112.08738, 5.2; 72.08153, 4.4; 71.04989, 1.2: 100V 70.06588, 100; 60.05643, 7.4; 72.08152, 1.4; 71.04986, 2.7; 68.05024, 1.3"
"L-Arginosuccinic acid","20V 216.83043, 8.2; 291.04497, 1.4: 35V 72.08155, 4.2; 159.04029, 3.6; 274.1035, 4: 50V 74.0244, 2.2; 98.03548, 2.4; 88.07625, 1.5; 114.05535, 1.5: 100V 72.08152, 1.5; 71.04986, 2; 68.05025, 1.6"
"L-Asparagine","20V 133.08035, 83.6; 74.02438, 88; 87.05592, 75.3; 91.05892, 64.2; 90.05559, 38.3; 133.061, 23.6; 133.07424, 19.9; 116.03461, 15.7; 88.03991, 15.2; 91.05248, 6.6: 35V 133.08034, 82.6; 74.02437, 100; 87.0559, 85.9; 91.05892, 52.4; 90.05554, 34; 133.06097, 37.5; 133.07438, 14.1; 116.0346, 21.3; 88.03992, 20.8; 91.05256, 7.6: 50V 133.08039, 18.3; 74.02437, 100; 87.05592, 36.4; 91.05889, 41.2; 90.0555, 18.7; 116.03458, 9.8; 88.03986, 7.7: 100V 74.02439, 100; 70.02953, 12.5"
"L-Aspartic acid","20V 74.0244, 100; 88.03994, 93.8; 88.02217, 23.9; 134.09661, 10.6; 116.03462, 14.2; 134.04496, 12.4; 134.07159, 9.2: 35V 74.02438, 100; 88.03994, 91.7; 88.02214, 26; 134.09667, 14.8; 116.03462, 12.7; 134.04486, 15.6; 134.07158, 10.9: 50V 74.02438, 100; 88.03993, 62.8; 88.02219, 25.8; 134.09666, 8.6; 116.03452, 5.1; 134.07154, 10.2: 100V 74.0244, 100; 88.03987, 27.2; 88.02218, 66.3"
"L-Cystathionine","20V 200.04077, 26.3; 182.03004, 12.2; 177.02477, 1.9; 218.05139, 3.9; 223.05594, 2.7; 156.05091, 2; 223.02413, 2: 35V 200.0407, 12.1; 154.03521, 5.3; 182.03015, 7.3; 177.02476, 5.1; 218.05148, 1.9; 172.04576, 1.4; 156.05087, 2; 227.28732, 2.6: 50V 200.04078, 3.1; 131.01924, 8; 154.03522, 13.2; 182.03002, 2.6; 177.02477, 4.4; 149.02967, 2.1; 100.02495, 3.7; 172.04578, 2.8; 136.02481, 1.5: 100V 131.01927, 15.2; 149.02975, 5; 65.03941, 1.1"
"L-Cystine","20V 241.0313, 100; 120.01178, 18.5; 151.98361, 80.5; 122.02739, 18; 195.02593, 16.1; 240.91853, 12.4; 153.99909, 10; 222.90795, 3.9; 177.99914, 4.5: 35V 241.03145, 7.7; 120.01173, 92.9; 74.00663, 9; 151.98364, 100; 74.02438, 37.8; 122.02734, 52.6; 195.02621, 5.5; 240.91871, 10.4; 153.99936, 6.5: 50V 120.01173, 100; 74.00663, 40.6; 151.98349, 19; 74.02439, 79.3; 122.0274, 29.6; 92.0171, 5.8: 100V 74.00663, 100; 74.02439, 39.8; 58.99577, 16.5; 73.02912, 8.4; 76.02227, 10.3"
"L-Glutamic acid","20V 70.02955, 1.6; 148.0969, 3.6: 35V 102.05547, 40.9: 50V 130.05022, 5.9; 56.05034, 2.5; 102.05546, 17.3: 100V 84.04505, 100; 56.05028, 49.5; 120.08096, 6.4"
"L-Glutamine","20V 147.12128, 2.1: 35V 102.05538, 3.1; 147.12102, 2.1: 50V 56.05024, 1.6; 64.92799, 1.7; 147.09178, 1.5: 100V "
"L-Histidine","20V 83.06103, 1.8: 35V 83.06105, 2.3; 93.04535, 1.1; 95.06094, 6: 50V 93.04531, 5.3; 156.07681, 4.7; 82.05322, 2.1: 100V 54.03465, 2.6; 66.0346, 1.6; 69.04546, 1.8"
"L-Homocystine","20V 88.02222, 2.4; 269.06246, 2.1: 35V : 50V 227.33534, 5.9: 100V "
"L-Homoserine","20V : 35V : 50V : 100V "
"L-Hydroxylysine","20V : 35V : 50V : 100V "
"L-Isoleucine","20V 58.06594, 1.3; 114.09183, 1.1: 35V 58.06597, 1.2; 114.09152, 1.6: 50V 114.09167, 1.8: 100V 87.04463, 16.6; 53.00299, 8.9"
"L-Leucine","20V : 35V : 50V 58.06589, 1.2: 100V 53.00306, 18.9"
"L-Lysine","20V 84.08145, 100; 130.08653, 66.9; 147.11289, 11.8: 35V 84.08145, 100; 130.08648, 59.1; 147.11298, 11.2; 123.96481, 5.2: 50V 84.08146, 100; 130.08651, 12.2; 123.96464, 4: 100V 84.08146, 100; 56.05031, 23; 64.928, 10; 67.05503, 7.1"
"L-Methionine","20V 104.05332, 100; 56.05029, 44.4; 61.01144, 12; 133.03197, 68.8; 102.05545, 21.8; 150.0585, 22.8; 87.02695, 4.2; 74.02434, 1.6; 74.06077, 4.3; 84.04505, 1.4: 35V 104.05333, 100; 56.05029, 49.5; 61.01145, 14.9; 133.03198, 69.4; 102.05546, 23.4; 150.05852, 17.9; 87.02692, 5.1; 74.0244, 2.1; 74.06076, 4.7; 85.029, 1.3; 84.04511, 1.5: 50V 104.05332, 58.7; 56.05028, 100; 61.01144, 56.2; 133.03197, 37.4; 102.05545, 23.5; 150.05852, 2.2; 87.02692, 15.4; 74.02438, 8.2; 74.06077, 8.1; 85.02902, 3.5; 84.045, 3.5; 105.03738, 1.7; 105.00098, 1.2: 100V 56.05029, 59.1; 61.01145, 100; 87.02698, 3.9; 74.02437, 5.9; 84.04508, 1.3; 58.9958, 1.7; 72.00357, 1.2"
"L-Methionine S-oxide","20V 74.02438, 100; 56.0503, 17.6; 166.05344, 34.5; 75.02702, 29.9; 149.02688, 21.4; 102.05547, 19.1; 74.0608, 1.3: 35V 74.02437, 100; 56.05029, 19.8; 166.05345, 17.1; 75.02702, 25.2; 149.02688, 18.6; 102.05546, 20.8; 74.06076, 2.2: 50V 74.02437, 100; 56.05028, 32.3; 166.05362, 1.4; 75.02701, 15.5; 149.02688, 11.1; 102.05545, 21.7; 65.00631, 1.8; 74.06075, 5.1; 84.04506, 1.9; 121.03217, 1.4: 100V 74.02438, 42.7; 56.0503, 100; 75.02703, 6.5; 102.05545, 2.5; 65.00633, 4.4; 74.06076, 2.8; 58.06595, 4; 84.04503, 3.1; 57.02172, 2.6; 62.99068, 2.6; 75.03216, 2.3; 57.03431, 1.8; 85.02902, 1.7"
"L-Ornithine","20V 133.09718, 4.8; 133.07639, 3.8: 35V 133.09718, 6; 133.07626, 4: 50V 133.07629, 3.2: 100V "
"L-Proline","20V : 35V 118.08658, 100; 58.06593, 5.5; 116.07099, 23; 59.07374, 5.9; 118.06546, 18.2; 53.03941, 2.4; 95.04972, 2.5; 118.12292, 4.4; 72.0815, 2.9; 116.10734, 1.2: 50V 118.0866, 94.2; 58.06593, 10.9; 116.07097, 22.1; 59.07375, 11; 118.06548, 13.9; 53.03939, 3.5; 95.04975, 3.5; 118.12298, 2.7; 105.04519, 1.4; 72.0815, 3.2; 100.11262, 1.9: 100V 118.0866, 8.5; 58.06593, 74.1; 59.07375, 25.7; 53.03941, 6.2; 95.04973, 7; 51.02377, 3.5; 105.04522, 3.2; 77.03927, 3.4; 72.0815, 1.6; 68.05022, 1.5"
"L-Serine","20V : 35V : 50V 60.0452, 100; 88.03996, 18.2; 106.08675, 11.9; 88.07626, 10.8; 106.05034, 6.6; 70.06585, 7.4; 70.02944, 2.1: 100V 60.0452, 100; 88.03989, 4.7; 70.06589, 5.5"
"L-Threonine","20V 74.06076, 100; 56.05029, 39.4; 102.05546, 30.4; 120.0659, 12.2; 120.08111, 8.4; 84.045, 3.2: 35V : 50V : 100V "
"L-Tyrosine","20V 139.12288, 2.4: 35V 182.19049, 1.3: 50V 118.06542, 1.5; 121.06508, 1.4; 109.0653, 1.5; 103.05462, 1.6: 100V 136.07588, 1.3; 67.05495, 1.2; 81.03403, 1.3; 79.05491, 1.3; 77.03931, 1.2"
"L-Valine","20V 55.05505, 3.5; 105.04519, 1.4: 35V 55.05504, 2.5: 50V 55.05504, 1.8: 100V 57.05811, 2.6"
"Melamine","20V 127.07298, 100; 85.05157, 11: 35V 127.07299, 100; 85.05158, 10.3: 50V 127.07301, 100; 85.05158, 31.6; 68.02514, 1.5; 60.05647, 1.6: 100V 60.05646, 6.5; 110.04664, 2.1"
"Muramic acid","20V 217.60394, 17.9; 217.58573, 2.2; 217.59955, 13; 194.08465, 1.8; 217.62712, 1.9: 35V 69.03421, 3.1; 227.31359, 3.4; 60.04519, 2; 227.31771, 3.4; 227.32443, 2.5; 86.06059, 2.8; 144.07203, 3.5; 109.02866, 2.3; 198.07561, 2.5; 124.07604, 2.2; 188.09198, 2: 50V 196.96722, 3.1; 55.01869, 3.1; 227.31481, 3.6; 60.04525, 3.7; 227.33435, 6.3; 55.05503, 4.1; 227.30469, 5.2; 186.07636, 3.8; 72.04296, 4.7; 116.07108, 3.5; 242.99139, 3.1; 56.02321, 2.7: 100V 227.33995, 37.6; 73.0291, 28.1; 227.30691, 35.6; 227.34666, 27; 62.98254, 23.3; 54.03457, 20; 55.05504, 23.8; 104.10754, 16.6; 60.0816, 16; 57.03426, 16.4"
"N6,N6,N6-Trimethyl-L-lysine","20V 189.16005, 100; 130.08659, 58.7; 84.0815, 19.1; 60.08163, 26: 35V 189.16005, 58.5; 130.08659, 100; 84.0815, 80.7; 60.08162, 41.3; 144.13852, 3.5: 50V 189.16012, 3.1; 130.08661, 25.6; 84.0815, 100; 60.08163, 16.5; 67.05506, 1.5; 144.13858, 3.4: 100V 84.08149, 100; 60.08162, 13.4; 56.05034, 18.2; 67.05504, 17.9; 58.06598, 3.3; 55.05508, 1.8; 85.06548, 1.6; 69.05812, 1.7; 57.07072, 1.5; 65.03939, 1.5; 74.0244, 1.5"
"N6-Acetyl-L-lysine","20V 126.09158, 100; 84.08141, 12.3; 189.12349, 34.3; 143.11805, 12.9; 130.08647, 1.9: 35V 126.09162, 100; 84.08145, 37.1; 189.1236, 7.9; 143.11811, 4.6; 130.08652, 3.6: 50V 126.0916, 42.9; 84.08142, 100; 130.0865, 5: 100V 84.08143, 100; 56.0503, 11.2; 67.05498, 2.5; 55.05503, 1.2"
"N6-Methyladenine","20V : 35V : 50V : 100V 137.04612, 1.7; 52.01905, 1.3; 66.02206, 1.1"
"N-Acetyl-D-glucosamine","20V 186.07658, 19; 222.11279, 20.7: 35V 138.05518, 100; 126.05535, 60.7; 84.04515, 23.3; 144.06581, 22.8: 50V 138.05524, 36.3; 126.05527, 19.6; 84.04512, 83.7: 100V 96.04497, 23.3"
"N-Acetylmuramic acid","20V : 35V 97.02912, 1.5; 109.02899, 2.4; 127.03924, 2.3; 60.04522, 1.6: 50V 69.03432, 2.2: 100V 138.05524, 9; 97.029, 9.5; 98.06066, 5.3"
"N-Methyltaurine","20V 122.04337, 22.9; 96.06435, 3.9; 122.03735, 2.2; 140.04766, 6.8: 35V 122.04339, 18.3; 140.05359, 43.2; 96.99605, 3.4: 50V 94.04873, 16.3; 93.04541, 4; 96.06437, 17.2; 78.98551, 1.9; 94.04251, 2.1; 122.03732, 10; 56.05033, 2.1; 140.04769, 7.6; 69.0537, 1.5; 95.06102, 3.5; 98.04357, 1.8; 96.05824, 2.3; 115.00638, 1.4: 100V 122.04333, 21.7; 93.04539, 20.5; 96.06434, 11.3; 66.03465, 14; 94.04276, 12.7; 122.03756, 2.1; 69.05362, 6.9; 68.05027, 4; 95.06102, 2.4; 98.04357, 1.9; 96.05821, 1.6; 67.03165, 2; 95.0566, 1.6; 69.04543, 1.3; 57.05372, 1.1"
"O-Acetylcarnitine","20V 204.12321, 100; 85.02904, 35.4; 145.04967, 17.5; 60.08156, 10.4; 144.10203, 1.7: 35V 204.12323, 35.6; 85.02903, 100; 145.04966, 17.4; 60.08156, 17.2; 144.10205, 3.7: 50V 204.12332, 2; 85.02904, 100; 145.04972, 2.2; 60.08158, 8.9; 144.10206, 3: 100V 85.02905, 100; 60.08156, 8.1; 57.0343, 10.7; 84.08142, 7.8; 58.06594, 4.3"
"O-Acetyl-L-serine","20V 148.08709, 100; 88.03992, 76.4; 60.04522, 18.5; 106.05032, 55.1; 148.11201, 39.8: 35V 148.0871, 95.1; 88.03995, 71.2; 60.04518, 28.7; 106.05034, 65.5; 148.11224, 40.4: 50V 148.08705, 100; 88.03989, 63.4; 60.04518, 46.4; 106.05032, 43.4; 148.11218, 42.6: 100V 60.04516, 100"
"O-Methylmalonyl-L-carnitine","20V : 35V : 50V : 100V 103.03957, 1.6"
"Ophthalmic acid","20V 130.0501, 2.6; 273.10821, 4.9; 227.10267, 4.4; 197.09248, 2.3; 272.12438, 1.3: 35V 273.1082, 2.9; 227.10276, 3.5; 124.07598, 1.6; 170.08135, 2.7; 169.09745, 1.8; 290.26923, 1.1; 197.09224, 2.2: 50V 161.0924, 1.5; 130.05014, 4.5; 124.07602, 4.3; 170.08139, 3.4; 169.09733, 3; 142.05022, 2; 123.0919, 1.4: 100V 96.0813, 4.7; 68.05025, 3.6; 53.00306, 1.4; 96.04497, 1.4"
"O-Propionylcarnitine","20V : 35V 218.21174, 1.2: 50V : 100V "
"Proline betaine","20V 58.06593, 1.3; 84.08144, 1.5: 35V 58.06594, 1.3; 84.08143, 1.6: 50V 102.05545, 1.1: 100V 71.0499, 1.8; 82.06581, 1.4; 53.03942, 1.3; 74.06074, 1.1; 71.07374, 1.3"
"Riboflavin-5-phosphate","20V 439.10192, 100; 359.13542, 27.7; 243.08813, 5.1; 457.11257, 78.8; 81.03424, 1.7; 341.1251, 2; 396.09578, 2.4; 117.05507, 1.6; 421.09068, 2.5; 377.14612, 2.1; 414.10638, 8.9; 440.08633, 1.7: 35V 439.10206, 37.4; 359.13543, 100; 243.08807, 98.5; 98.98478, 11; 81.03424, 34; 172.08713, 2.8; 216.07738, 3.1; 341.12487, 32.3; 69.0343, 9.3; 396.09592, 26.6; 99.04467, 21.8; 117.05511, 21.7; 421.09114, 20.9; 53.03943, 2; 377.14609, 16.1; 71.04994, 7.2; 159.09193, 1.6; 57.03436, 5; 414.10662, 11.4; 200.08233, 1.6; 173.07131, 1.3; 397.0799, 8.5; 175.08692, 1.3; 316.12964, 8.1; 323.11467, 8; 73.02917, 3.5; 297.09878, 5.2; 147.09209, 1.5; 219.07675, 4.4; 59.04997, 3.2; 218.09271, 5.5; 252.11373, 2.2; 244.07206, 4; 285.0986, 4.9; 334.09565, 3.2; 415.09021, 3.1; 298.11878, 3; 403.08096, 2.6; 227.11789, 1.3; 257.10392, 1.5; 254.12928, 2; 334.1401, 2.2; 352.10599, 1.3; 307.0848, 1.5; 378.08526, 1.6; 315.10851, 1.6; 351.0737, 1.2; 369.08546, 1.4: 50V 359.13541, 9; 243.0881, 100; 98.9848, 31.3; 81.03424, 55.6; 172.08719, 55.7; 216.07715, 46.7; 341.12487, 9; 69.0343, 28.7; 396.09583, 2.5; 99.04468, 19.7; 117.05513, 8.5; 53.03942, 6.7; 157.07627, 2; 71.04994, 15.3; 159.09194, 12; 57.03436, 13.5; 198.06673, 5.4; 200.08228, 11.3; 214.0979, 11.3; 224.11846, 7.3; 173.07123, 10.7; 175.08699, 7.6; 316.12988, 4.2; 229.08485, 7.1; 73.0292, 7.4; 297.09871, 3.5; 198.10314, 5.6; 147.09189, 5.5; 184.08739, 6.5; 199.1235, 4.9; 210.1032, 4.5; 219.07701, 5.9; 59.05, 5.9; 218.09294, 5; 171.09196, 2.3; 252.11352, 5.5; 226.09783, 4; 244.07214, 5.6; 285.09859, 3.1; 209.10775, 4.2; 190.09786, 4.6; 334.09543, 4; 197.10778, 3.3; 298.11924, 2.6; 228.11355, 3.5; 185.10754, 2.9; 55.01873, 2.2; 403.08023, 2; 227.11816, 2.5; 186.10288, 3.2; 257.10346, 1.9; 191.08203, 2.7; 174.10304, 2.6; 272.10345, 2.3; 140.99494, 2.3; 260.10352, 1.7; 254.12946, 2.4; 173.10778, 2; 184.10024, 1.9; 240.11356, 2.2: 100V 98.9848, 100; 103.05483, 98.1; 81.03424, 15.9; 172.08717, 22.3; 145.07634, 52.2; 216.07695, 4; 118.0656, 41.1; 170.07158, 36.3; 91.05491, 35.9; 130.06548, 33; 116.04996, 27.6; 69.03433, 21.7; 53.03946, 19.6; 157.06404, 16.7; 104.05008, 14.2; 157.07619, 16.5; 71.0499, 3; 159.09194, 9.2; 57.03433, 5.1; 95.04975, 11.4; 198.06652, 9.6; 156.0559, 10.2; 117.05775, 8.8; 128.0499, 7.5; 143.06066, 6.7; 155.06057, 7.5; 134.0603, 6.6; 105.04525, 6; 198.10297, 3.5; 147.09199, 4.6; 169.07617, 5.3; 184.08731, 4.8; 182.07174, 5.7; 132.08109, 5.5; 196.0875, 4.8; 171.09197, 4.8; 131.06069, 5; 156.06818, 4.3; 171.0793, 4.5; 105.07044, 4.5; 79.05492, 3.2; 170.08429, 3.2"
"Sarcosine","20V 72.08157, 100; 90.09203, 72.1; 90.05564, 29; 70.06592, 4.6: 35V 72.08156, 100; 90.09202, 69.5; 90.05564, 27.9; 70.06594, 6.6: 50V 72.08156, 100; 90.09203, 74.3; 90.05563, 26.8; 70.06594, 5.4: 100V 72.08158, 100; 90.09201, 10.9; 70.06595, 25; 57.05819, 5.4; 56.05034, 5.3"
"Succinylglycine","20V 159.07661, 100; 112.03975, 56.7; 70.06584, 11; 113.07131, 19; 84.04497, 8; 101.02383, 27.3; 158.04496, 42.1; 76.04004, 27.5; 140.03442, 20.9; 130.0501, 12.7; 115.08697, 10.9; 116.07101, 3.9; 100.03977, 3.6; 176.10302, 6.1; 176.11845, 3.2: 35V 159.07661, 100; 112.03976, 91.7; 70.06586, 34.2; 113.07134, 45.7; 84.04504, 20.5; 101.02384, 42.2; 158.04503, 27.4; 76.04002, 32.4; 140.03432, 17.2; 130.05018, 18.1; 115.08698, 16.6; 114.05541, 7.6; 116.07094, 9.7; 100.03985, 5.7; 176.11844, 5.1: 50V 159.07655, 19.3; 112.03973, 89.4; 70.06587, 100; 113.07134, 77; 84.04505, 66.7; 101.02384, 54.9; 76.03998, 18.2; 55.01865, 10.8; 73.02917, 17; 130.05005, 16.2; 115.08693, 9.9; 114.05537, 13.3; 116.07096, 7.4; 100.03986, 7.5: 100V 70.06587, 100; 84.04505, 11.8; 55.01868, 23.2; 73.02916, 15.8; 56.05034, 6.5"
"Thiamine monophosphate","20V 122.07157, 100; 126.03747, 1.2; 224.0142, 25; 345.07827, 19.4: 35V 122.07157, 100; 81.04541, 4.2; 126.03748, 18.1; 224.01425, 12.1: 50V 122.07157, 100; 81.0454, 16.6; 126.03746, 31.4; 224.01425, 1.3: 100V 122.07157, 20.9; 81.04539, 100; 65.03935, 34.2; 54.03464, 30.6; 126.03749, 28.2; 99.02679, 20; 58.99581, 12.8; 80.05016, 12.5; 85.01124, 6.3; 98.0064, 5.8; 97.01121, 4.4; 55.05502, 4.4; 68.05023, 4.5; 52.019, 3.3; 84.0035, 1.8"
"Trigonelline","20V 94.0657, 1.9; 138.09161, 100; 96.04504, 40.7; 69.03433, 12.1; 138.1025, 11.5; 82.06583, 4.7; 138.04954, 6.9; 97.02906, 3.5; 138.06631, 3.7: 35V 94.06568, 1.8; 138.09161, 100; 96.04503, 38.4; 110.06054, 2.9; 69.03429, 11.1; 138.10219, 11.9; 82.06583, 5; 138.04955, 6.9; 97.02901, 3.7: 50V 138.0916, 100; 96.04503, 70.7; 92.05007, 3.9; 68.0503, 2.4; 69.03429, 18.2; 138.10264, 9.4; 96.08131, 2; 82.06584, 7.7; 138.0494, 7.9; 97.02907, 2.7; 138.06615, 2.7; 138.0435, 2.5: 100V 138.05511, 31.4; 138.09161, 42.3; 92.05006, 48.8; 68.05029, 30.1; 95.07364, 30.7; 69.03431, 17.1; 79.04233, 13.3; 91.05483, 7.3; 108.08129, 10.6; 96.08142, 8.2; 125.04742, 3.4; 51.02377, 2.6; 66.03463, 1.9; 66.04719, 1.7; 154.05, 1.8"
"Trimethylamine","20V 59.0693, 1.2: 35V 59.06932, 1.2: 50V 59.06931, 1.1: 100V 59.06929, 1.7"
"Trimethylamine N-oxide","20V : 35V : 50V : 100V 76.07641, 4.8"
"Turicine","20V 160.09703, 100: 35V 160.09704, 100; 88.07635, 1.4: 50V 160.09703, 100; 58.06596, 1.6; 88.07637, 13; 102.05552, 1.5: 100V 160.09708, 15.7; 58.06597, 100; 88.07636, 63.7; 70.06591, 11.6; 102.05553, 8.9; 82.06586, 8.4; 100.07628, 6.8; 73.05297, 3.6; 56.0503, 3.2; 86.06073, 2.9; 55.04249, 2.1; 74.0608, 1.4; 55.01871, 1.6; 71.07369, 1.6; 73.02916, 1.4; 69.03422, 1.6"
"O-Succinylhomoserine","20V 74.0244, 1.5; 84.04503, 1.5; 174.07644, 1.6: 35V 220.08172, 2.9; 73.0291, 1.5; 202.07131, 1.1; 126.05526, 1.4: 50V 126.05522, 3.2: 100V 102.05549, 4.2; 101.02384, 3"
"Taurocyamine","20V : 35V 122.02406, 1.2: 50V 108.99588, 1.2; 86.07191, 1.7: 100V 87.0797, 1.5; 84.045, 2.5; 50.01594, 2.1; 107.06075, 1.8"
"Urea","20V 61.04044, 100; 61.06155, 11.5; 61.06789, 8.5; 61.04852, 3.3: 35V 61.04045, 100; 61.06157, 12; 61.06788, 7.7; 61.04854, 3.5: 50V 61.04043, 100; 61.06157, 12; 61.06789, 7.2; 61.04856, 3: 100V 61.04042, 100; 61.06155, 12.4; 61.06785, 9.4"
"Phosphocholine","20V 60.08158, 3.1: 35V 104.10746, 1.5: 50V : 100V 116.9952, 1.9"
"Choline sulfate","20V 184.06399, 100; 104.10748, 38.1; 86.09706, 1.2: 35V 184.06398, 83.8; 104.10746, 100; 86.09704, 3.9: 50V 184.06401, 11.3; 104.10746, 100; 60.08157, 3.7; 86.09706, 3.9: 100V 104.10747, 65.9; 60.08157, 100; 58.06593, 25.1; 71.07369, 8.6; 59.07373, 5; 86.09705, 5; 56.05029, 2.4"
"Pipecolic acid","20V 74.09715, 1.1: 35V 74.0971, 1.1: 50V 56.05031, 1.3; 74.09708, 1.2: 100V 55.05504, 2.4; 67.05499, 2.2"
"S-Adenosylhomocysteine","20V 136.06192, 100; 88.02214, 1.9; 134.0272, 79.8; 250.07448, 39.3; 385.12887, 26.5; 232.06397, 3.3; 99.04455, 1.5: 35V 250.07452, 1.7; 97.02896, 3.1; 99.04457, 1.4: 50V 97.02897, 3.2: 100V 61.01144, 6; 92.0249, 2.9; 56.05027, 1.5; 109.05135, 1.3"
"S-Adenosylmethionine","20V 215.43711, 1.6; 145.03204, 1.4; 215.42914, 2.2: 35V 61.01134, 2.7; 227.32415, 4.3: 50V : 100V 74.02438, 16.4"
"2-Hydroxy-4-(methylthio)butyric acid","20V 149.02703, 100; 101.02329, 77.4; 57.03336, 17.5: 35V : 50V 101.02331, 100; 57.03338, 50.7: 100V "
"3-Sulfopyruvic acid","20V 94.97972, 100; 79.95621, 21.9; 166.96491, 4.4; 167.05745, 3.4: 35V 94.9797, 100; 79.95619, 34.8; 166.96492, 2.4; 167.05748, 3.6: 50V 94.97971, 93.7; 79.9562, 100; 167.05712, 1.6; 80.95557, 1.6; 87.00764, 1.4: 100V 94.97969, 3.7; 79.9562, 100; 80.95561, 1.1"
"N-Acetyl-L-glutamic acid","20V 58.02863, 8.5; 84.04434, 1.6; 146.04492, 6.7; 126.05507, 6.8; 100.03932, 3.8; 187.99598, 1.6: 35V 58.02863, 11.7; 188.05591, 6.7; 84.04432, 2.6; 146.04502, 8; 126.05502, 8; 100.0393, 4.2: 50V 144.06569, 6; 74.02358, 2; 84.04435, 3.8; 146.04493, 4.5; 126.05511, 4.2; 98.06006, 2.2; 100.03929, 2.6: 100V 128.03428, 8.4; 79.9562, 80; 52.01808, 5.8"
"Acetylglycine","20V : 35V : 50V 116.03428, 2.9: 100V "
"cis-Aconitic acid","20V 129.01833, 14.3; 111.00766, 8.2: 35V 129.01831, 8.4; 111.00768, 7.4: 50V 76.96886, 1.1; 129.01834, 2.5; 111.00771, 7.9: 100V 67.02904, 2.5; 172.95723, 7.7; 75.96106, 2.7"
"Adenosine diphosphate","20V : 35V 158.92459, 30.3; 134.04619, 38.3: 50V "
"Allopurinol","20V 93.02759, 1.1; 108.03233, 1.1: 35V : 50V 65.99738, 1.2; 135.04328, 3.9: 100V 135.03032, 2.1; 135.04979, 2.1; 65.01528, 2.4; 79.02899, 1.8; 107.0351, 1.4; 108.03217, 2; 93.00839, 1.8; 68.02425, 1.6"
"Amino Propanesulfonic Acid","20V : 35V 79.9562, 100; 138.02219, 83.4; 111.93639, 5.6; 80.96401, 7.2; 108.02065, 2.3; 137.9396, 2.4; 64.96904, 1.3: 50V 79.9562, 100; 138.02227, 30.6; 111.93642, 5.3; 80.96403, 5; 108.02062, 2.1: 100V 79.95619, 100; 80.96401, 1.2"
"Adenosine monophosphate","20V 211.00109, 2.8; 150.97937, 2: 35V 150.97945, 2.1: 50V : 100V 96.96851, 1.7; 92.0243, 1.7"
"Butyrylglycine","20V 144.06575, 5.4: 35V 144.06565, 4.7: 50V 100.07572, 5.5; 144.0656, 1.1; 84.04428, 1.7; 72.04428, 1.5: 100V "
"3',5'-Cyclic AMP","20V 96.96851, 1.9; 192.99021, 1.7: 35V 96.96853, 2; 134.98431, 1.2: 50V 96.96853, 2.6; 134.98424, 1.8: 100V 68.02422, 1.2"
"3',5'-Cyclic GMP","20V 216.07481, 10.4: 35V 107.03524, 1.7; 134.98432, 1.3; 80.97353, 1.6; 192.99017, 1.2: 50V 62.96294, 1.2; 80.97357, 1.4: 100V 65.99734, 3.2"
"Citric acid","20V 57.03342, 3.6; 87.00763, 36.1; 99.00764, 1.5; 101.0233, 1.9: 35V 83.01267, 1.1; 108.05561, 3.7; 103.03897, 1.3: 50V 87.00764, 85.7; 173.00845, 1.1; 103.03899, 2: 100V 87.00761, 91.1; 65.01334, 4.8; 99.00768, 8.7"
"3',5'-Cyclic diGMP","20V 150.04129, 6.5: 35V : 50V 174.97936, 1.7; 62.96304, 1.4; 211.00094, 1.4: 100V 78.00855, 1.5"
"L-Cysteic acid","20V : 35V 96.96849, 94.2; 78.95789, 41.3; 72.01601, 4.7; 169.0975, 2.4; 81.96336, 1.7; 168.99982, 1.7; 168.05726, 1.5; 169.1227, 1.5: 50V : 100V "
"L-Cysteinesulfinic acid","20V : 35V : 50V 71.01266, 1.2: 100V "
"Dihydroxyacetone phosphate","20V : 35V : 50V : 100V "
"(R)-2,3-Dihydroxypropane-1-sulfonate","20V 136.99051, 4.7; 78.98478, 1.3: 35V 80.96407, 1.4; 78.98478, 1.3: 50V 78.98479, 1.7: 100V 80.96404, 3.3; 76.96891, 1.3"
"Ethanesulfonic acid","20V 79.95621, 100; 108.99542, 75.7; 80.96406, 4.2: 35V 79.95621, 100; 108.99541, 76.8; 80.96404, 4.1: 50V 79.95622, 100; 108.99543, 57.5; 80.96403, 3.9: 100V 79.95621, 100; 108.99543, 2.2; 80.96404, 1.1"
"Ethyl dihydroxybenzoate","20V : 35V : 50V : 100V 92.997, 1.4"
"Flavin adenine dinucleotide","20V 437.08706, 100; 96.96851, 89.5; 78.95788, 30.4; 346.05622, 77.8; 180.99015, 48.3; 784.14994, 14.1; 408.012, 5.6; 195.00588, 4.9: 35V 96.9685, 100; 78.95789, 92.6; 346.05612, 2.1; 180.99018, 5.4; 195.00593, 1.7; 134.0462, 2.4; 158.92451, 2.6; 162.97946, 2; 255.0887, 1.5; 241.07304, 1.2: 50V 96.9685, 58.4; 78.95789, 100; 134.04628, 5.2; 158.92457, 3.9; 162.97951, 1.5: 100V 96.96851, 2.3; 78.95789, 100; 62.96295, 1.5; 107.03519, 1.2"
"D-Fructose 6-phosphate","20V 217.44141, 16.2; 217.45896, 2.8; 101.02333, 1.4: 35V 241.01209, 1.6: 50V : 100V 62.96292, 1.2"
"Fumaric acid","20V 115.02919, 12.4; 115.03884, 6.3: 35V 97.93038, 6; 115.02907, 11.1; 59.01265, 7.4: 50V 97.93015, 14.3; 73.03955, 10.5: 100V "
"D-Gluconic acid","20V : 35V 159.02914, 1.6: 50V 194.90556, 1.1; 101.02333, 1.4: 100V 116.92746, 2.9; 153.93871, 1.9; 58.00479, 1.5; 154.94662, 1.4"
"D-Glucose 1-phosphate","20V 217.44141, 16.2; 217.45896, 2.8; 101.02333, 1.4: 35V 241.01209, 1.6: 50V : 100V 62.96292, 1.2"
"D-Glucose 6-phosphate","20V 217.44194, 9.5; 241.0118, 9.3; 101.02334, 1.3: 35V : 50V : 100V "
"Glycerophosphoric acid","20V 144.05588, 1.1; 170.99651, 1.1: 35V 65.01328, 1.5: 50V 89.01332, 1.2: 100V 96.96848, 1.1"
"Guanosine monophosphate","20V 215.85063, 13.5: 35V : 50V : 100V "
"Urocanic acid","20V 66.0337, 3.3; 137.03471, 6.6: 35V 66.03372, 3.2; 137.0347, 5.9: 50V 66.03373, 6.8; 93.03352, 3.1; 137.03469, 2.2: 100V 65.01333, 10.9; 67.02899, 5.3"
"Inosine","20V 135.03029, 100; 267.07377, 69.5: 35V 135.03028, 100; 267.07378, 6: 50V 135.03028, 100; 92.0243, 7.9; 108.01925, 3.1; 126.02991, 1.9: 100V 135.03029, 60.8; 92.0243, 100; 108.01926, 75.2; 126.02991, 51.6; 65.99736, 30.4; 65.01334, 27; 80.02429, 3; 134.02245, 3.1; 64.00552, 2; 71.02389, 1.5; 82.03989, 2.2; 66.00859, 2.3"
"Isethionic acid","20V 122.97476, 2.2: 35V 122.97479, 2.1: 50V 122.97475, 2.3; 64.9691, 1.5: 100V 94.97974, 4.8; 106.97983, 2.2"
"Isocitric acid","20V 99.00764, 1.5; 101.02329, 1.8: 35V 57.03336, 1.3; 83.01267, 1.1; 103.03897, 1.3: 50V 173.00845, 1.1; 103.03899, 2: 100V 65.01333, 4.8; 99.00768, 8.7"
"2-keto-4-methylthiobutyric acid","20V 99.00766, 100; 61.98715, 80.7; 147.0667, 8.8; 147.01893, 8.6: 35V 99.00765, 96.3; 61.98715, 18.4; 147.06673, 8.7: 50V 99.00766, 46; 61.98714, 100: 100V 61.98716, 100"
"2-Ketoglutaric acid","20V 100.92491, 10.3; 73.02838, 11.8: 35V 100.92486, 21.9; 57.0334, 22.2: 50V 64.01808, 25.9; 65.01332, 19.4; 101.0233, 26.1; 100.92482, 28.7; 57.03337, 22.5; 77.01336, 28.4: 100V 65.01341, 83.6"
"Lipoic acid","20V 205.15944, 89.1; 64.95131, 100; 63.94348, 26.3; 171.04781, 59.5; 93.06983, 41.7; 127.05769, 31.5; 56.99457, 2.6; 139.07558, 5.2: 35V 205.15945, 95.3; 64.95131, 100; 63.94348, 34.5; 171.04774, 17.9; 93.06982, 37.5; 127.05769, 24; 56.99459, 5.6; 58.99487, 3.8: 50V 205.15942, 86.7; 64.95131, 100; 63.94348, 41.6; 93.06983, 8.4; 127.05763, 10.8; 56.99459, 5.2; 58.99487, 3.9; 59.01265, 3; 189.12771, 2.4: 100V 64.95132, 100; 63.9435, 87.4; 59.98412, 5.9; 63.96131, 3.3; 58.99491, 2.1"
"5-Oxoproline","20V 84.04432, 1.6: 35V 84.04429, 1.3: 50V : 100V "
"Malic acid","20V 115.0026, 100; 71.01266, 74.6; 72.99194, 16.4; 133.01328, 21.1; 89.02327, 9.9; 59.01263, 1.5; 87.00763, 1.9: 35V 115.00262, 100; 71.01266, 77.5; 72.99193, 15.7; 133.01329, 20.9; 89.02328, 9.6; 87.00766, 1.7: 50V 115.00262, 71.1; 71.01266, 100; 72.99194, 23.4; 133.01333, 7.6; 89.0233, 8.5; 59.01263, 2.2: 100V 71.01265, 100; 72.99193, 48.4"
"Sodium 2-mercaptoethanesulfonate","20V 140.96768, 11.8: 35V : 50V 79.95624, 1.6; 140.96765, 3.1: 100V "
"Methylphosphonic acid","20V : 35V : 50V : 100V "
"N-Acetyltaurine","20V 166.01727, 100; 79.95622, 47; 166.05361, 51.4; 106.97978, 16.6; 80.96405, 8.7; 124.00641, 5.7; 102.05498, 5.2; 100.03928, 1.8: 35V 166.01731, 100; 79.95622, 99.7; 166.05366, 53.4; 106.97979, 28.7; 80.96406, 16.5; 124.00643, 9.9; 102.05498, 9.9; 100.03934, 4; 58.02862, 1.8: 50V 166.01728, 19.6; 79.95621, 100; 166.05363, 10.2; 106.97977, 17.9; 80.96404, 11.2; 124.0064, 5.8; 102.05497, 4.8; 100.03933, 3.8; 58.02864, 1.8: 100V 79.95622, 100; 106.97978, 2.7; 80.96404, 4.1"
"NAD","20V 78.95785, 11.4: 35V 227.19295, 5.3; 328.04534, 4.1: 50V : 100V 134.04638, 1.7"
"NADH","20V 664.11936, 100; 78.95791, 31; 408.01202, 26; 397.02117, 26.5: 35V 78.9579, 100; 408.0126, 2; 397.0213, 3; 96.96852, 29.4; 158.9247, 11.1; 328.04505, 1.8; 346.05697, 2.2; 134.04628, 6.9; 272.95765, 3.9; 176.93544, 2.2; 174.9792, 1.6: 50V 78.95789, 100; 96.96851, 19.8; 158.92462, 9.7; 134.04628, 8.8: 100V 78.9579, 100; 96.96854, 1.3; 134.04633, 2.2; 107.03521, 2.3; 62.96293, 1.6"
"NADP","20V 620.02167, 86.3; 408.01189, 66.7: 35V 78.95788, 100; 408.01253, 7.2; 158.92457, 46.3; 272.9576, 15; 174.97959, 14.8; 134.04636, 12.9; 96.96856, 15.6; 176.9353, 6: 50V 78.9579, 100; 158.92462, 20.7; 174.97953, 5.9; 134.04636, 8.5; 96.9685, 9: 100V 78.95788, 100; 134.04631, 1.4; 62.96293, 4.8; 107.03526, 1.7"
"Orotic acid","20V : 35V : 50V 67.02899, 2.6: 100V 94.97948, 2.4"
"Oxalic acid","20V 60.99191, 100; 89.01332, 32.7; 88.9869, 40.6; 89.02324, 24.2; 59.01263, 22.2: 35V 60.99192, 100; 89.01339, 39.6; 88.98687, 46.1; 89.0233, 21.4; 59.01264, 24.6: 50V 60.99191, 100; 89.01338, 35.9; 88.98686, 47.8; 89.02331, 21.7; 59.01266, 20: 100V 60.99187, 100; 89.01332, 64.2"
"Phosphoenolpyruvic acid","20V 78.95788, 100; 79.95622, 2.6; 167.0574, 3.9; 68.99457, 1.3: 35V 78.95788, 100; 79.95617, 3.9; 167.05735, 3.9: 50V 78.95788, 100; 79.95618, 9.9; 167.05708, 1.7: 100V 78.95788, 100; 79.95617, 14.9; 80.95556, 2.2"
"3-Phosphoglycerate","20V 185.15393, 1.3; 166.9744, 1.6; 87.00764, 1.2; 97.06464, 1.2: 35V 184.98498, 1.6; 97.06479, 1.2: 50V : 100V "
"1-Propanesulfonate","20V 79.95621, 100; 123.01112, 67.7; 80.96407, 1.6: 35V 79.95621, 100; 123.01112, 67; 80.96403, 1.8: 50V 79.95621, 100; 123.01112, 34; 80.96398, 1.3: 100V 79.95621, 100"
"Propionylglycine","20V 74.02357, 100; 130.04997, 6.2; 86.06, 5.8: 35V 74.02358, 100; 130.04999, 6.9; 86.06, 6.1: 50V 74.02358, 100; 130.05003, 2.8; 86.06, 5.3: 100V 74.02359, 100"
"2,5-Dihydroxybenzoic acid","20V 109.02843, 100; 108.02062, 20.9; 153.01852, 26.5; 81.03343, 2.4; 85.0284, 1.1: 35V 109.02841, 100; 108.02061, 26.2; 153.01851, 19.5; 81.03343, 2.6; 95.01269, 1.2; 85.0283, 1.1: 50V 109.02842, 100; 108.02061, 87.5; 153.01853, 4.9; 81.03344, 6.6: 100V 109.02843, 2.4; 108.0206, 100; 81.03348, 1.6"
"D-Ribose 5-phosphate","20V 218.18969, 5.9; 228.93169, 1.6: 35V 227.18995, 2.3; 162.95949, 1.5: 50V 227.18458, 1.9: 100V 59.98236, 1.4"
"Salicylic acid","20V 137.03475, 1.3: 35V 136.89084, 1.5: 50V 136.8909, 1.4: 100V 99.9247, 1.4"
"Shikimic acid","20V 94.97952, 1.1; 65.01328, 1.4; 55.01773, 1.6; 71.04902, 1.5; 101.02328, 1.8; 111.08035, 1.4: 35V 65.03846, 1.3; 78.95785, 1.3; 65.01332, 1.2; 71.04902, 1.8; 58.00482, 1.4; 91.02901, 1.1; 109.02829, 1.6; 101.02332, 1.4; 111.08044, 1.2: 50V 78.95788, 1.5; 129.01836, 1.4; 76.97857, 1.5; 132.05572, 1.3; 91.0291, 1.7; 67.02896, 1.5: 100V 80.9621, 2.4; 67.01778, 3; 75.02288, 2.1; 59.0126, 1.4; 58.00479, 2; 67.02899, 1.6"
"Succinic acid","20V : 35V : 50V 71.0491, 2.4: 100V 99.00766, 1.7"
"Succinic semialdehyde","20V : 35V : 50V 55.01775, 6.2; 73.02829, 6.3: 100V "
"Sucrose","20V 216.11057, 3.8; 216.1178, 2.3; 73.02833, 1.8: 35V 58.0048, 1.4: 50V 55.01768, 1.6: 100V 227.20123, 3.4"
"Sulfanilic acid","20V 173.01044, 38.6; 154.9466, 25.7; 172.95733, 4.9: 35V 173.01043, 48.4; 154.94659, 30.6; 109.04781, 4.4; 76.96888, 1.5; 172.95718, 3.3; 150.02777, 3.1; 132.05578, 1.5; 86.02359, 1.1: 50V 173.01044, 37.4; 154.94658, 45.9; 109.04778, 12.1; 76.9689, 5.9; 80.95563, 4; 172.95748, 3.5; 150.02761, 3.7; 94.97952, 2.4; 107.03655, 1.3; 130.04008, 1.6; 91.02912, 1.1: 100V 154.9466, 7.3; 76.96889, 5.9; 80.95562, 3.1; 94.97953, 2.6; 65.01335, 1.8"
"Sulfoacetic acid","20V : 35V : 50V 138.93639, 1.4: 100V "
"Taurine","20V 61.98716, 9.7; 124.05058, 10.3; 82.03992, 8.1; 82.02862, 5.6; 64.9691, 2.1: 35V 124.05071, 10.1; 82.03988, 8.9; 80.96404, 1.7; 64.96906, 2.3: 50V 123.9011, 16.9; 61.98721, 7.4; 124.05069, 3.6: 100V 61.98717, 3.9"
"Threonic acid","20V 59.01263, 10.8; 71.01268, 3.8; 134.89371, 1.6; 89.02328, 8.7; 117.01822, 1.8: 35V 71.01267, 3.9; 117.01835, 2.1: 50V 59.01264, 12.4; 71.01262, 4.4; 135.02899, 7.6; 89.02328, 5.5; 87.00763, 1.1: 100V "
"Thymidine","20V 241.2173, 15.5: 35V 241.21751, 31.2: 50V : 100V "
"Thymine","20V 125.03465, 100; 81.95204, 19.5; 125.00701, 8.6: 35V 125.03467, 100; 81.952, 20.8; 125.00693, 14.7; 81.96041, 3.4; 125.01517, 2.6: 50V 125.03467, 100; 81.95201, 49.1; 125.00694, 14.1; 81.96052, 6.6: 100V 81.95204, 100; 81.96051, 15.8"
"Trehalose","20V 131.03394, 5.7; 149.04465, 4.4; 87.00762, 3.8; 73.02833, 1.8: 35V 179.05556, 2; 161.04485, 1.4; 143.03408, 1.7; 72.9919, 1.6; 131.03404, 2.2; 58.00481, 1.4; 83.0127, 2.9; 87.00759, 2.4; 95.01267, 2.2: 50V 72.99192, 2.8; 58.0048, 1.9; 55.01768, 1.7; 87.00758, 2.1; 95.01277, 3: 100V 85.02827, 4; 72.99192, 7.9; 55.01768, 4.5; 57.03336, 3.2"
"UDP-N-acetylglucosamine","20V 214.28833, 100; 96.96836, 6.5; 362.00576, 6.7: 35V 174.97952, 2.9: 50V 282.03896, 1.4; 176.93522, 1.7; 119.98458, 1.4: 100V "
"UDP-glucose","20V 214.41029, 19.9; 214.42435, 82.2; 214.43425, 11.8; 301.72354, 7.1; 384.98589, 4.2: 35V 280.02339, 1.9: 50V 138.9794, 1.2: 100V "
"Uracil","20V : 35V 79.95616, 2.2; 110.97467, 6.6; 111.05547, 1.3: 50V 79.95625, 2.3; 110.97471, 9.5; 111.0554, 1.5: 100V 79.95622, 100; 68.01302, 32.7; 95.95122, 21.2"
"Uridine","20V 96.0444, 1.3; 117.01831, 2: 35V 68.01299, 1.3; 153.02981, 2.4; 96.04437, 2; 117.01847, 1.2; 59.01263, 1.2: 50V 152.0346, 4.1; 111.01897, 3.7; 140.03443, 1.9; 108.04445, 2.7; 96.04443, 3; 59.0127, 1.9: 100V 55.01774, 13.2; 50.0024, 11.3"
"Allantoin","20V 93.05279, 97.4; 78.97217, 4.6; 157.01531, 100; 97.00322, 33.4; 79.98, 6.3; 157.1226, 38; 114.02983, 25.5; 65.01333, 5.8; 130.04002, 12.9; 157.05103, 10; 92.04943, 13.1; 113.0597, 8.3; 115.02914, 4.5; 156.94352, 3.2; 71.02391, 3.3; 90.97024, 3.5; 91.02902, 2.9; 157.0862, 2.8: 35V 93.05279, 100; 78.97218, 5.3; 157.01528, 71; 97.00324, 32.9; 79.97998, 6.9; 157.12257, 23.3; 114.02985, 23.8; 65.01331, 6; 130.04011, 12.5; 157.05124, 7.3; 92.04944, 12.6; 89.01339, 2; 113.05975, 5.6; 93.04662, 5.2; 115.02915, 4.4; 156.9434, 2.1; 71.0239, 4.3; 90.97015, 3.5; 91.02903, 2; 72.99186, 2.1: 50V 93.05279, 100; 61.96937, 3.1; 78.97217, 13; 157.01528, 23.4; 63.96117, 2.3; 93.95927, 4.9; 97.00321, 20.9; 79.98002, 15.8; 157.12258, 4.8; 114.02981, 12.9; 65.01332, 6.4; 130.04005, 6; 77.96427, 2.1; 157.05103, 2.9; 92.04945, 14.5; 79.97156, 1.6; 94.03679, 2; 89.01336, 2.5; 113.05966, 2.1; 93.04644, 4.2; 115.02904, 3.3; 156.94335, 2; 71.02392, 4.1; 80.97939, 1.7; 59.02386, 1.6; 90.97019, 2.1; 91.02898, 1.6: 100V 93.05277, 85.9; 61.9694, 91.7; 78.97217, 100; 63.96124, 77.6; 93.9593, 33; 97.00329, 10.7; 79.98001, 40.9; 65.01332, 28.2; 77.96437, 17.5; 92.04952, 10.2; 79.97161, 10.5; 62.96883, 11.9; 94.03679, 7.9; 64.96067, 8.8; 89.01341, 7.5; 93.04678, 4; 156.94356, 5.3; 71.0239, 4.3; 80.97947, 4.5; 59.02388, 5; 64.01814, 5; 79.9692, 5; 66.0419, 4; 62.96657, 4.4"
